chain,residue_id,residue_name,one_letter_aa,sequence_position,sequence_length,amino_acid_type,hydropathy_kd,charge_ph7,ca_x,ca_y,ca_z,n_atoms,n_backbone_atoms,has_full_backbone,centroid_x,centroid_y,centroid_z,plddt_ca,plddt_atom_mean,plddt_atom_min,plddt_atom_max,plddt_atom_std,pae_mean_row,pae_mean_col,pae_local_mean_k10,contact_prob_sum,n_high_conf_contacts
A,1,MET,M,1,76,nonpolar,1.9,0,-14.336,2.678,2.255,8,4,True,-13.501,1.905,1.014,97.46,95.98,93.16,97.7,1.421,3.008,2.845,2.66,8.23,8
A,2,GLN,Q,2,76,polar,-3.5,0,-11.67,1.215,4.55,9,4,True,-12.032,1.372,6.08,98.26,91.76,77.73,98.42,7.675,1.988,2.716,1.645,8.86,9
A,3,ILE,I,3,76,nonpolar,4.5,0,-8.931,-1.225,3.483,8,4,True,-8.24,-0.702,2.775,98.69,98.47,97.92,98.7,0.272,1.478,2.326,1.225,14.39,14
A,4,PHE,F,4,76,aromatic,2.8,0,-6.088,-2.777,5.467,11,4,True,-7.482,-3.421,6.573,98.69,97.79,96.39,98.67,0.909,1.395,2.424,1.092,11.86,12
A,5,VAL,V,5,76,nonpolar,4.2,0,-2.376,-2.777,4.56,7,4,True,-1.939,-2.244,4.6,98.35,98.08,97.6,98.43,0.279,1.455,2.191,1.079,13.98,15
A,6,LYS,K,6,76,basic,-3.9,1,-0.243,-5.388,6.355,9,4,True,-0.194,-7.18,7.068,97.52,88.51,66.97,97.83,10.867,1.833,2.3,1.267,10.64,11
A,7,THR,T,7,76,polar,-0.7,0,3.556,-5.09,6.543,7,4,True,3.654,-4.937,7.279,93.75,91.06,85.32,95.1,3.482,2.737,2.362,1.875,10.07,9
A,8,LEU,L,8,76,nonpolar,3.8,0,6.048,-7.981,6.891,8,4,True,6.732,-8.3,6.207,88.73,81.73,68.51,89.87,8.47,3.446,2.864,2.529,6.12,6
A,9,THR,T,9,76,polar,-0.7,0,6.635,-6.842,10.534,7,4,True,6.557,-6.16,10.758,90.56,87.88,81.76,91.53,3.478,3.903,2.941,2.939,4.13,4
A,10,GLY,G,10,76,special,-0.4,0,2.949,-7.694,11.259,4,4,True,2.568,-7.044,11.376,91.59,91.7,91.05,93.12,0.845,4.15,2.847,2.958,5.97,6
A,11,LYS,K,11,76,basic,-3.9,1,1.872,-4.01,11.566,9,4,True,2.181,-2.063,11.308,94.52,87.84,70.34,95.69,8.479,2.946,2.662,1.995,6.26,6
A,12,THR,T,12,76,polar,-0.7,0,-1.589,-3.375,10.07,7,4,True,-2.18,-3.469,10.369,96.92,95.47,92.7,96.94,1.713,2.299,2.536,1.605,8.23,9
A,13,ILE,I,13,76,nonpolar,4.5,0,-2.547,0.148,8.913,8,4,True,-1.961,0.363,7.964,94.82,89.69,79.16,96.59,7.126,2.875,2.549,1.945,10.74,11
A,14,THR,T,14,76,polar,-0.7,0,-6.058,1.266,7.952,7,4,True,-6.453,1.654,8.335,97.68,95.87,91.79,97.7,2.363,1.88,2.592,1.43,7.45,8
A,15,LEU,L,15,76,nonpolar,3.8,0,-6.551,3.479,4.858,8,4,True,-5.859,3.155,4.214,98.16,97.44,95.88,98.4,0.989,1.599,2.378,1.32,11.78,12
A,16,GLU,E,16,76,acidic,-3.5,-1,-9.575,5.514,3.783,9,4,True,-10.549,6.365,4.167,98.26,89.31,73.6,98.46,10.462,1.759,2.721,1.42,5.52,6
A,17,VAL,V,17,76,nonpolar,4.2,0,-9.931,4.923,-0.009,7,4,True,-10.011,4.156,0.032,98.6,98.42,98.17,98.61,0.175,1.63,2.458,1.345,11.66,12
A,18,GLU,E,18,76,acidic,-3.5,-1,-12.409,4.967,-2.901,9,4,True,-13.068,5.738,-2.733,98.21,91.44,76.54,98.48,8.612,1.967,2.874,1.61,5.99,6
A,19,PRO,P,19,76,special,-1.6,0,-12.851,2.071,-5.438,7,4,True,-13.318,2.296,-5.459,98.37,97.94,96.23,98.48,0.726,1.851,2.857,1.5,9.12,9
A,20,SER,S,20,76,polar,-0.8,0,-11.691,4.576,-8.148,6,4,True,-11.539,5.232,-7.975,98.55,97.72,93.96,98.63,1.69,2.032,2.996,1.58,6.04,6
A,21,ASP,D,21,76,acidic,-3.5,-1,-8.389,5.309,-6.309,8,4,True,-8.359,5.444,-5.406,98.6,97.82,95.5,98.78,1.25,1.549,2.571,1.16,9.42,9
A,22,THR,T,22,76,polar,-0.7,0,-5.29,4.235,-8.263,7,4,True,-4.859,4.835,-8.187,98.74,98.3,97.3,98.77,0.627,1.467,2.617,1.1,9.39,9
A,23,ILE,I,23,76,nonpolar,4.5,0,-2.59,2.023,-6.721,8,4,True,-2.312,1.332,-6.735,98.75,98.5,97.81,98.71,0.294,1.337,2.296,1.01,13.42,13
A,24,GLU,E,24,76,acidic,-3.5,-1,-0.329,5.123,-6.976,9,4,True,0.201,6.483,-7.85,98.48,90.43,75.4,98.53,9.458,1.6,2.496,1.13,8.98,9
A,25,ASN,N,25,76,polar,-3.5,0,-2.845,7.084,-4.818,8,4,True,-3.559,7.499,-5.209,98.37,91.38,76.65,98.5,9.324,1.505,2.587,1.01,8.84,9
A,26,VAL,V,26,76,nonpolar,4.2,0,-2.862,4.189,-2.278,7,4,True,-2.819,3.59,-2.114,98.61,98.55,98.38,98.65,0.106,1.292,2.241,0.91,14.98,15
A,27,LYS,K,27,76,basic,-3.9,1,0.992,4.302,-2.172,9,4,True,1.947,3.375,-3.405,98.38,97.36,94.08,98.45,1.38,1.276,2.104,0.915,12.03,12
A,28,ALA,A,28,76,nonpolar,1.8,0,0.833,8.093,-1.576,5,4,True,0.563,8.151,-1.136,98.54,98.36,97.92,98.59,0.237,1.388,2.474,0.925,8.99,9
A,29,LYS,K,29,76,basic,-3.9,1,-1.62,7.522,1.359,9,4,True,-3.334,7.425,0.933,98.23,96.61,89.31,98.43,2.775,1.38,2.434,0.94,10.75,11
A,30,ILE,I,30,76,nonpolar,4.5,0,0.865,4.944,2.773,8,4,True,1.2,4.124,2.525,97.5,97.42,96.28,97.96,0.505,1.342,2.154,0.905,15.65,16
A,31,GLN,Q,31,76,polar,-3.5,0,3.684,7.537,2.44,9,4,True,4.542,8.792,1.598,96.74,94.21,85.94,96.99,3.574,1.472,2.399,0.94,11.87,12
A,32,ASP,D,32,76,acidic,-3.5,-1,1.598,10.126,4.362,8,4,True,0.969,10.584,3.895,96.86,93.34,86.71,97.03,4.156,1.788,2.729,1.11,6.2,6
A,33,LYS,K,33,76,basic,-3.9,1,1.024,7.636,7.255,9,4,True,-0.631,6.951,7.51,94.98,89.83,76.59,95.91,5.954,2.067,2.625,1.315,7.89,8
A,34,GLU,E,34,76,acidic,-3.5,-1,4.307,5.666,7.389,9,4,True,3.967,4.58,7.859,94.11,91.49,86.62,95.13,2.854,1.949,2.434,1.27,7.1,6
A,35,GLY,G,35,76,special,-0.4,0,6.859,7.953,5.597,4,4,True,7.222,7.47,5.116,94.31,94.23,93.53,94.54,0.411,2.095,2.582,1.335,6.9,7
A,36,ILE,I,36,76,nonpolar,4.5,0,7.702,5.165,3.067,8,4,True,7.201,4.289,3.103,94.49,93.75,91.03,95.54,1.401,1.736,2.17,1.135,9.55,10
A,37,PRO,P,37,76,special,-1.6,0,8.454,6.5,-0.486,7,4,True,9.04,6.011,-0.238,94.85,94.31,91.69,95.69,1.243,1.946,2.329,1.295,7.24,7
A,38,PRO,P,38,76,special,-1.6,0,6.073,5.066,-3.209,7,4,True,6.146,5.522,-3.37,96.07,95.94,95.3,96.46,0.359,1.771,2.221,1.245,10.0,10
A,39,ASP,D,39,76,acidic,-3.5,-1,9.029,3.801,-5.33,8,4,True,10.092,4.297,-4.966,94.63,91.26,84.65,95.31,4.272,2.004,2.316,1.475,5.12,5
A,40,GLN,Q,40,76,polar,-3.5,0,10.049,1.536,-2.38,9,4,True,11.009,2.227,-1.241,95.98,91.2,78.56,96.23,6.256,1.824,2.113,1.37,8.19,8
A,41,GLN,Q,41,76,polar,-3.5,0,6.491,0.11,-2.013,9,4,True,5.457,1.348,-1.647,97.01,96.57,94.95,97.27,0.822,1.524,1.924,1.105,13.1,14
A,42,ARG,R,42,76,basic,-4.5,1,5.231,-3.146,-3.586,11,4,True,7.431,-4.541,-4.509,97.12,81.06,53.43,97.56,16.866,1.674,2.007,1.245,8.33,8
A,43,LEU,L,43,76,nonpolar,3.8,0,1.538,-3.797,-2.956,8,4,True,1.027,-2.976,-2.967,98.1,98.0,97.71,98.24,0.189,1.389,2.036,1.07,13.5,14
A,44,ILE,I,44,76,nonpolar,4.5,0,0.32,-7.404,-3.276,8,4,True,0.919,-8.036,-2.831,98.21,96.62,89.26,98.43,2.899,1.495,2.216,1.15,10.71,11
A,45,PHE,F,45,76,aromatic,2.8,0,-3.301,-8.605,-3.36,11,4,True,-5.348,-8.547,-3.516,98.0,97.71,96.62,98.27,0.442,1.749,2.359,1.39,11.25,11
A,46,ALA,A,46,76,nonpolar,1.8,0,-4.473,-12.194,-4.041,5,4,True,-4.227,-12.279,-4.613,95.58,94.94,93.27,96.57,1.202,2.588,2.908,2.13,4.12,4
A,47,GLY,G,47,76,special,-0.4,0,-0.832,-13.195,-4.879,4,4,True,-0.616,-12.771,-5.475,95.48,95.19,93.85,95.85,0.787,2.891,2.737,2.19,5.06,5
A,48,LYS,K,48,76,basic,-3.9,1,-0.499,-10.459,-7.594,9,4,True,-1.984,-10.772,-8.631,95.52,84.11,58.09,96.71,14.038,2.943,2.861,1.98,6.68,7
A,49,GLN,Q,49,76,polar,-3.5,0,1.704,-7.368,-7.545,9,4,True,3.112,-6.601,-8.117,97.19,91.25,77.2,97.66,7.249,1.884,2.363,1.295,6.9,7
A,50,LEU,L,50,76,nonpolar,3.8,0,-0.494,-4.303,-8.182,8,4,True,-0.944,-4.21,-7.301,98.28,98.1,97.81,98.45,0.193,1.563,2.272,1.085,11.1,11
A,51,GLU,E,51,76,acidic,-3.5,-1,0.284,-1.845,-11.035,9,4,True,-0.155,-2.562,-12.463,97.9,91.0,77.22,98.24,8.557,1.78,2.536,1.195,6.0,6
A,52,ASP,D,52,76,acidic,-3.5,-1,0.388,1.903,-10.193,8,4,True,1.191,2.194,-9.926,97.85,96.21,92.36,98.0,1.995,1.795,2.396,1.3,8.12,8
A,53,GLY,G,53,76,special,-0.4,0,-1.87,3.035,-13.095,4,4,True,-2.544,2.688,-13.008,97.68,97.66,97.23,98.1,0.308,2.326,2.749,1.76,6.94,7
A,54,ARG,R,54,76,basic,-4.5,1,-4.74,0.612,-12.192,11,4,True,-4.336,-1.376,-13.578,98.43,88.77,69.41,98.65,11.519,1.796,2.688,1.325,8.97,9
A,55,THR,T,55,76,polar,-0.7,0,-7.576,1.207,-9.72,7,4,True,-8.147,0.937,-10.084,98.63,98.31,97.54,98.65,0.44,1.533,2.717,1.135,10.82,11
A,56,LEU,L,56,76,nonpolar,3.8,0,-8.684,-0.76,-6.647,8,4,True,-8.643,-0.453,-5.71,98.64,98.45,98.1,98.64,0.187,1.417,2.509,1.07,13.46,13
A,57,SER,S,57,76,polar,-0.8,0,-11.868,-1.705,-8.597,6,4,True,-11.871,-1.592,-9.192,98.38,96.97,90.76,98.56,2.787,1.742,2.895,1.275,7.98,8
A,58,ASP,D,58,76,acidic,-3.5,-1,-9.761,-3.208,-11.472,8,4,True,-9.275,-2.649,-12.032,98.2,97.34,95.28,98.38,1.159,1.611,2.858,1.13,5.8,6
A,59,TYR,Y,59,76,aromatic,-1.3,0,-8.43,-5.701,-8.869,12,4,True,-6.231,-5.199,-9.259,98.18,97.84,97.21,98.29,0.319,1.597,2.575,1.075,10.54,11
A,60,ASN,N,60,76,polar,-3.5,0,-11.875,-6.284,-7.256,8,4,True,-12.589,-7.202,-6.832,97.79,90.46,73.13,98.01,9.844,1.863,2.941,1.255,5.01,5
A,61,ILE,I,61,76,nonpolar,4.5,0,-10.523,-4.838,-3.961,8,4,True,-9.774,-4.209,-3.947,98.4,98.33,98.05,98.57,0.164,1.566,2.428,1.135,9.81,10
A,62,GLN,Q,62,76,polar,-3.5,0,-13.525,-4.267,-1.675,9,4,True,-14.419,-5.477,-2.022,97.72,91.26,74.41,98.01,8.412,2.182,2.88,1.635,6.38,6
A,63,LYS,K,63,76,basic,-3.9,1,-14.155,-2.81,1.792,9,4,True,-15.943,-3.571,2.638,98.02,91.08,70.64,98.15,9.495,2.125,2.886,1.8,5.98,6
A,64,GLU,E,64,76,acidic,-3.5,-1,-12.087,-4.484,4.544,9,4,True,-13.383,-4.835,5.469,98.34,94.74,86.19,98.35,4.691,1.964,2.803,1.825,7.06,7
A,65,SER,S,65,76,polar,-0.8,0,-9.751,-6.146,1.964,6,4,True,-9.599,-5.707,1.733,98.36,97.98,96.62,98.4,0.619,1.668,2.504,1.745,9.09,9
A,66,THR,T,66,76,polar,-0.7,0,-6.154,-6.712,3.133,7,4,True,-5.835,-7.302,3.332,98.16,97.54,96.14,98.25,0.851,1.496,2.442,1.92,8.52,9
A,67,LEU,L,67,76,nonpolar,3.8,0,-3.209,-5.672,0.933,8,4,True,-3.474,-4.786,0.587,98.48,97.74,95.87,98.49,1.01,1.391,2.18,1.874,13.76,14
A,68,HIS,H,68,76,basic,-3.2,0,0.35,-6.824,1.689,10,4,True,-0.049,-8.306,1.978,98.18,92.72,83.39,98.25,6.227,1.471,2.171,2.0,9.89,9
A,69,LEU,L,69,76,nonpolar,3.8,0,3.135,-4.206,1.677,8,4,True,3.733,-3.308,2.203,97.7,96.92,95.48,97.9,0.874,1.514,1.945,2.035,13.56,14
A,70,VAL,V,70,76,nonpolar,4.2,0,6.617,-5.461,0.743,7,4,True,6.783,-5.719,0.15,96.29,94.5,91.33,96.77,2.065,1.949,2.075,2.337,8.23,9
A,71,LEU,L,71,76,nonpolar,3.8,0,9.537,-3.013,0.734,8,4,True,9.606,-2.688,1.619,93.05,89.16,83.23,94.4,3.923,2.97,2.164,3.013,8.86,9
A,72,ARG,R,72,76,basic,-4.5,1,12.282,-2.914,-1.925,11,4,True,11.22,-1.743,-4.441,89.12,72.62,49.5,90.71,14.207,5.114,2.588,4.379,7.4,8
A,73,LEU,L,73,76,nonpolar,3.8,0,15.537,-1.031,-2.325,8,4,True,16.338,-1.562,-2.32,78.85,71.86,62.75,81.82,6.481,9.129,3.503,6.654,4.84,4
A,74,ARG,R,74,76,basic,-4.5,1,15.111,2.266,-4.177,11,4,True,14.98,5.03,-4.152,71.08,57.68,42.13,74.6,10.441,13.054,4.697,8.775,4.75,5
A,75,GLY,G,75,76,special,-0.4,0,16.022,1.858,-7.889,4,4,True,16.216,1.127,-7.982,61.89,60.22,54.52,64.75,3.737,16.999,5.407,11.327,3.65,3
A,76,GLY,G,76,76,special,-0.4,0,16.382,-1.955,-7.522,5,4,True,15.434,-2.238,-7.918,53.2,50.06,43.74,56.86,4.589,19.587,6.813,13.07,2.84,2
