protein_id,uniprot_accession,afdb_id,file_type,filename,url,http_status,file_size_bytes,sha256,afdb_version,download_status
P61626,P61626,AF-P61626-F1,structure_cif,AF-P61626-F1-model_v6.cif,https://alphafold.ebi.ac.uk/files/AF-P61626-F1-model_v6.cif,200,147439,8444ea54dc496d7a8107257040ca7d12476f0508a943b17890b846ecd1e2b99e,6,OK
P61626,P61626,AF-P61626-F1,pae_json,AF-P61626-F1-predicted_aligned_error_v6.json,https://alphafold.ebi.ac.uk/files/AF-P61626-F1-predicted_aligned_error_v6.json,200,48377,b3fba0b90f6a79cfa60952a2243a1410cc108438ab998bb50de620014ad26902,6,OK
P02144,P02144,AF-P02144-F1,structure_cif,AF-P02144-F1-model_v6.cif,https://alphafold.ebi.ac.uk/files/AF-P02144-F1-model_v6.cif,200,151949,5fe127f5047a9bda4eb96759c444b9f12b447b24ec49e82bdae32ea768803d23,6,OK
P02144,P02144,AF-P02144-F1,pae_json,AF-P02144-F1-predicted_aligned_error_v6.json,https://alphafold.ebi.ac.uk/files/AF-P02144-F1-predicted_aligned_error_v6.json,200,48352,d32c10446d18a6b375af31e19dceb774ffb81ab6354318e8b58b374742e762af,6,OK
P99999,P99999,AF-P99999-F1,structure_cif,AF-P99999-F1-model_v6.cif,https://alphafold.ebi.ac.uk/files/AF-P99999-F1-model_v6.cif,200,108338,1b48d4bc17398c7e4f54d18b1c401fedc099aea22adbb8b6e943755acd8e3605,6,OK
P99999,P99999,AF-P99999-F1,pae_json,AF-P99999-F1-predicted_aligned_error_v6.json,https://alphafold.ebi.ac.uk/files/AF-P99999-F1-predicted_aligned_error_v6.json,200,22497,b422bfda4884d8c758d00488274ac46e505f913c27f686e052f9cbdc6c3a9faa,6,OK
P0DP23,P0DP23,AF-P0DP23-F1,structure_cif,AF-P0DP23-F1-model_v6.cif,https://alphafold.ebi.ac.uk/files/AF-P0DP23-F1-model_v6.cif,200,148336,e698114902202d87b9cf6ea7656fbf433db61571d085593905885de6389b475f,6,OK
P0DP23,P0DP23,AF-P0DP23-F1,pae_json,AF-P0DP23-F1-predicted_aligned_error_v6.json,https://alphafold.ebi.ac.uk/files/AF-P0DP23-F1-predicted_aligned_error_v6.json,200,57011,44c3f6c438ee29fe9d6c7da72e916904f3103c5471aae93747a586f7d1b49652,6,OK
P00441,P00441,AF-P00441-F1,structure_cif,AF-P00441-F1-model_v6.cif,https://alphafold.ebi.ac.uk/files/AF-P00441-F1-model_v6.cif,200,144236,fd186af7f5fdd9214cee40653bed71760fa53f0922d3438f9ce62e74c64f0edb,6,OK
P00441,P00441,AF-P00441-F1,pae_json,AF-P00441-F1-predicted_aligned_error_v6.json,https://alphafold.ebi.ac.uk/files/AF-P00441-F1-predicted_aligned_error_v6.json,200,48214,ab6998cc394243b3ad7d5ed29b9ce6ea5b9a65c38584d8d8b98c77bac8e5de90,6,OK
P61823,P61823,AF-P61823-F1,structure_cif,AF-P61823-F1-model_v6.cif,https://alphafold.ebi.ac.uk/files/AF-P61823-F1-model_v6.cif,200,145832,9f20e86e00ceb3f6d2020cf3ac4b5c17a340be5a2b56dd89e20b9edb9a7dd9b5,6,OK
P61823,P61823,AF-P61823-F1,pae_json,AF-P61823-F1-predicted_aligned_error_v6.json,https://alphafold.ebi.ac.uk/files/AF-P61823-F1-predicted_aligned_error_v6.json,200,51759,b3258e465f4edb5f3b9a1db02547927776ec28579dadd5c3e05a47c3b5173b4f,6,OK
P42212,P42212,AF-P42212-F1,structure_cif,AF-P42212-F1-model_v6.cif,https://alphafold.ebi.ac.uk/files/AF-P42212-F1-model_v6.cif,200,230531,20fee8dd4053d5aa1dc43acd68810faccf68b942f41220d375bfa6307daaa6d2,6,OK
P42212,P42212,AF-P42212-F1,pae_json,AF-P42212-F1-predicted_aligned_error_v6.json,https://alphafold.ebi.ac.uk/files/AF-P42212-F1-predicted_aligned_error_v6.json,200,116285,b2838a1e0d38a31e133bec1f176c54578410f4b8a7b009b648b0c621a682ee88,6,OK
